"OBJECTID","ID_0","ISO","NAME_0","ID_1","NAME_1","ID_2","NAME_2","ID_3","NAME_3","CCN_3","CCA_3","TYPE_3","ENGTYPE_3","NL_NAME_3","VARNAME_3"
1,89,"GRC","Greece",1,"Aegean",1,"North Aegean",1,"Agios Efstratios",NA,"","Dímos","Municipality","<U+0391><U+03B3><U+03AF><U+03BF><U+03C5> <U+0395><U+03C5>st<U+03C1>at<U+03AF><U+03BF><U+03C5>",""
2,89,"GRC","Greece",1,"Aegean",1,"North Aegean",2,"Chios",NA,"","Dímos","Municipality","<U+03A7><U+03AF><U+03BF><U+03C5>",""
3,89,"GRC","Greece",1,"Aegean",1,"North Aegean",3,"Fournoi Korseon",NA,"","Dímos","Municipality","F<U+03BF><U+03CD><U+03C1><U+03BD><U+03C9><U+03BD> <U+039A><U+03BF><U+03C1>se<U+03CE><U+03BD>",""
4,89,"GRC","Greece",1,"Aegean",1,"North Aegean",4,"Icaria",NA,"","Dímos","Municipality","<U+0399><U+03BA>a<U+03C1><U+03B9><U+03AC><U+03C2>",""
5,89,"GRC","Greece",1,"Aegean",1,"North Aegean",5,"Lemnos",NA,"","Dímos","Municipality","<U+039B><U+03AE>µ<U+03BD><U+03BF><U+03C5>",""
6,89,"GRC","Greece",1,"Aegean",1,"North Aegean",6,"Lesbos",NA,"","Dímos","Municipality","<U+039B><U+03AD>sß<U+03BF><U+03C5>",""
7,89,"GRC","Greece",1,"Aegean",1,"North Aegean",7,"Oinousses",NA,"","Dímos","Municipality","<U+039F><U+03B9><U+03BD><U+03BF><U+03C5>ss<U+03CE><U+03BD>",""
8,89,"GRC","Greece",1,"Aegean",1,"North Aegean",8,"Psara",NA,"","Dímos","Municipality","<U+03A8>a<U+03C1><U+03CE><U+03BD>",""
9,89,"GRC","Greece",1,"Aegean",1,"North Aegean",9,"Samos",NA,"","Dímos","Municipality","S<U+03AC>µ<U+03BF><U+03C5>",""
10,89,"GRC","Greece",1,"Aegean",2,"South Aegean",10,"Agathonisi",NA,"","Dímos","Municipality","<U+0391><U+03B3>a<U+03B8><U+03BF><U+03BD><U+03B7>s<U+03AF><U+03BF><U+03C5>",""
11,89,"GRC","Greece",1,"Aegean",2,"South Aegean",11,"Amorgos",NA,"","Dímos","Municipality","<U+0391>µ<U+03BF><U+03C1><U+03B3><U+03BF><U+03CD>",""
12,89,"GRC","Greece",1,"Aegean",2,"South Aegean",12,"Anafi",NA,"","Dímos","Municipality","<U+0391><U+03BD><U+03AC>f<U+03B7><U+03C2>",""
13,89,"GRC","Greece",1,"Aegean",2,"South Aegean",13,"Andros",NA,"","Dímos","Municipality","<U+0386><U+03BD>d<U+03C1><U+03BF><U+03C5>",""
14,89,"GRC","Greece",1,"Aegean",2,"South Aegean",14,"Antiparos",NA,"","Dímos","Municipality","<U+0391><U+03BD>t<U+03B9>p<U+03AC><U+03C1><U+03BF><U+03C5>",""
15,89,"GRC","Greece",1,"Aegean",2,"South Aegean",15,"Astypalaia",NA,"","Dímos","Municipality","<U+0391>st<U+03C5>pa<U+03BB>a<U+03AF>a<U+03C2>",""
16,89,"GRC","Greece",1,"Aegean",2,"South Aegean",16,"Chalki",NA,"","Dímos","Municipality","<U+03A7><U+03AC><U+03BB><U+03BA><U+03B7><U+03C2>",""
17,89,"GRC","Greece",1,"Aegean",2,"South Aegean",17,"Folegandros",NA,"","Dímos","Municipality","F<U+03BF><U+03BB>e<U+03B3><U+03AC><U+03BD>d<U+03C1><U+03BF><U+03C5>",""
18,89,"GRC","Greece",1,"Aegean",2,"South Aegean",18,"Ios ",NA,"","Dímos","Municipality","<U+0399><U+03B7>t<U+03CE><U+03BD>",""
19,89,"GRC","Greece",1,"Aegean",2,"South Aegean",19,"Kalymnos",NA,"","Dímos","Municipality","<U+039A>a<U+03BB><U+03C5>µ<U+03BD><U+03AF><U+03C9><U+03BD>",""
20,89,"GRC","Greece",1,"Aegean",2,"South Aegean",20,"Karpathos",NA,"","Dímos","Municipality","<U+039A>a<U+03C1>p<U+03AC><U+03B8><U+03BF><U+03C5>",""
21,89,"GRC","Greece",1,"Aegean",2,"South Aegean",21,"Kasos",NA,"","Dímos","Municipality","<U+039A><U+03AC>s<U+03BF><U+03C5>",""
22,89,"GRC","Greece",1,"Aegean",2,"South Aegean",22,"Kea ",NA,"","Dímos","Municipality","<U+039A><U+03AD>a<U+03C2>",""
23,89,"GRC","Greece",1,"Aegean",2,"South Aegean",23,"Kimolos",NA,"","Dímos","Municipality","<U+039A><U+03B9>µ<U+03CE><U+03BB><U+03BF><U+03C5>",""
24,89,"GRC","Greece",1,"Aegean",2,"South Aegean",24,"Kos",NA,"","Dímos","Municipality","<U+039A><U+03C9>",""
25,89,"GRC","Greece",1,"Aegean",2,"South Aegean",25,"Kythnos",NA,"","Dímos","Municipality","<U+039A><U+03CD><U+03B8><U+03BD><U+03BF><U+03C5>",""
26,89,"GRC","Greece",1,"Aegean",2,"South Aegean",26,"Leipsoi",NA,"","Dímos","Municipality","<U+039B>e<U+03B9><U+03C8><U+03CE><U+03BD>",""
27,89,"GRC","Greece",1,"Aegean",2,"South Aegean",27,"Leros",NA,"","Dímos","Municipality","<U+039B><U+03AD><U+03C1><U+03BF><U+03C5>",""
28,89,"GRC","Greece",1,"Aegean",2,"South Aegean",28,"Milos",NA,"","Dímos","Municipality","<U+039C><U+03AE><U+03BB><U+03BF><U+03C5>",""
29,89,"GRC","Greece",1,"Aegean",2,"South Aegean",29,"Mykonos",NA,"","Dímos","Municipality","<U+039C><U+03C5><U+03BA><U+03CC><U+03BD><U+03BF><U+03C5>",""
30,89,"GRC","Greece",1,"Aegean",2,"South Aegean",30,"Naxos and Lesser Cyclades",NA,"","Dímos","Municipality","<U+039D><U+03AC><U+03BE><U+03BF><U+03C5> <U+03BA>a<U+03B9> <U+039C><U+03B9><U+03BA><U+03C1><U+03CE><U+03BD> <U+039A><U+03C5><U+03BA><U+03BB><U+03AC>d<U+03C9><U+03BD>",""
31,89,"GRC","Greece",1,"Aegean",2,"South Aegean",31,"Nisyros",NA,"","Dímos","Municipality","<U+039D><U+03B9>s<U+03CD><U+03C1><U+03BF><U+03C5>",""
32,89,"GRC","Greece",1,"Aegean",2,"South Aegean",32,"Paros",NA,"","Dímos","Municipality","<U+03A0><U+03AC><U+03C1><U+03BF><U+03C5>",""
33,89,"GRC","Greece",1,"Aegean",2,"South Aegean",33,"Patmos",NA,"","Dímos","Municipality","<U+03A0><U+03AC>tµ<U+03BF><U+03C5>",""
34,89,"GRC","Greece",1,"Aegean",2,"South Aegean",34,"Rhodes",NA,"","Dímos","Municipality","<U+03A1><U+03CC>d<U+03BF><U+03C5>",""
35,89,"GRC","Greece",1,"Aegean",2,"South Aegean",35,"Santorini",NA,"","Dímos","Municipality","T<U+03AE><U+03C1>a<U+03C2>",""
36,89,"GRC","Greece",1,"Aegean",2,"South Aegean",36,"Serifos",NA,"","Dímos","Municipality","Se<U+03C1><U+03AF>f<U+03BF><U+03C5>",""
37,89,"GRC","Greece",1,"Aegean",2,"South Aegean",37,"Sifnos",NA,"","Dímos","Municipality","S<U+03AF>f<U+03BD><U+03BF><U+03C5>",""
38,89,"GRC","Greece",1,"Aegean",2,"South Aegean",38,"Sikinos",NA,"","Dímos","Municipality","S<U+03B9><U+03BA><U+03AF><U+03BD><U+03BF><U+03C5>",""
39,89,"GRC","Greece",1,"Aegean",2,"South Aegean",39,"Symi",NA,"","Dímos","Municipality","S<U+03CD>µ<U+03B7><U+03C2>",""
40,89,"GRC","Greece",1,"Aegean",2,"South Aegean",40,"Syros-Ermoupoli",NA,"","Dímos","Municipality","S<U+03CD><U+03C1><U+03BF><U+03C5> - <U+0395><U+03C1>µ<U+03BF><U+03CD>p<U+03BF><U+03BB><U+03B7><U+03C2>",""
41,89,"GRC","Greece",1,"Aegean",2,"South Aegean",41,"Tilos",NA,"","Dímos","Municipality","<U+03A4><U+03AE><U+03BB><U+03BF><U+03C5>",""
42,89,"GRC","Greece",1,"Aegean",2,"South Aegean",42,"Tinos",NA,"","Dímos","Municipality","<U+03A4><U+03AE><U+03BD><U+03BF><U+03C5>",""
43,89,"GRC","Greece",2,"Athos",3,"Athos",43,"Athos",NA,"","Dímos","Municipality","<U+0386><U+03B8><U+03C9><U+03C2>",""
44,89,"GRC","Greece",3,"Attica",4,"Attica ",44,"Acharnes",NA,"","Dímos","Municipality","<U+0391><U+03C7>a<U+03C1><U+03BD><U+03CE><U+03BD>",""
45,89,"GRC","Greece",3,"Attica",4,"Attica ",45,"Aegina",NA,"","Dímos","Municipality","<U+0391><U+03AF><U+03B3><U+03B9><U+03BD>a<U+03C2>",""
46,89,"GRC","Greece",3,"Attica",4,"Attica ",46,"Agia Paraskevi",NA,"","Dímos","Municipality","<U+0391><U+03B3><U+03AF>a<U+03C2> <U+03A0>a<U+03C1>as<U+03BA>e<U+03C5><U+03AE><U+03C2>",""
47,89,"GRC","Greece",3,"Attica",4,"Attica ",47,"Agia Varvara",NA,"","Dímos","Municipality","<U+0391><U+03B3><U+03AF>a<U+03C2> <U+0392>a<U+03C1>ß<U+03AC><U+03C1>a<U+03C2>",""
48,89,"GRC","Greece",3,"Attica",4,"Attica ",48,"Agioi Anargyroi-Kamatero",NA,"","Dímos","Municipality","<U+0391><U+03B3><U+03AF><U+03C9><U+03BD> <U+0391><U+03BD>a<U+03C1><U+03B3><U+03CD><U+03C1><U+03C9><U+03BD> - <U+039A>aµate<U+03C1><U+03BF><U+03CD>",""
49,89,"GRC","Greece",3,"Attica",4,"Attica ",49,"Agios Dimitrios",NA,"","Dímos","Municipality","<U+0391><U+03B3><U+03AF><U+03BF><U+03C5> <U+0394><U+03B7>µ<U+03B7>t<U+03C1><U+03AF><U+03BF><U+03C5>",""
50,89,"GRC","Greece",3,"Attica",4,"Attica ",50,"Aigaleo",NA,"","Dímos","Municipality","<U+0391><U+03B9><U+03B3><U+03AC><U+03BB>e<U+03C9>",""
51,89,"GRC","Greece",3,"Attica",4,"Attica ",51,"Alimos",NA,"","Dímos","Municipality","<U+0391><U+03BB><U+03AF>µ<U+03BF><U+03C5>",""
52,89,"GRC","Greece",3,"Attica",4,"Attica ",52,"Angistri",NA,"","Dímos","Municipality","<U+0391><U+03B3><U+03BA><U+03B9>st<U+03C1><U+03AF><U+03BF><U+03C5>",""
53,89,"GRC","Greece",3,"Attica",4,"Attica ",53,"Aspropyrgos",NA,"","Dímos","Municipality","<U+0391>sp<U+03C1><U+03BF>p<U+03CD><U+03C1><U+03B3><U+03BF><U+03C5>",""
54,89,"GRC","Greece",3,"Attica",4,"Attica ",54,"Athens",NA,"","Dímos","Municipality","<U+0391><U+03B8><U+03B7><U+03BD>a<U+03AF><U+03C9><U+03BD>",""
55,89,"GRC","Greece",3,"Attica",4,"Attica ",55,"Chaidari",NA,"","Dímos","Municipality","<U+03A7>a<U+03CA>da<U+03C1><U+03AF><U+03BF><U+03C5>",""
56,89,"GRC","Greece",3,"Attica",4,"Attica ",56,"Chalandri",NA,"","Dímos","Municipality","<U+03A7>a<U+03BB>a<U+03BD>d<U+03C1><U+03AF><U+03BF><U+03C5>",""
57,89,"GRC","Greece",3,"Attica",4,"Attica ",57,"Cythera ",NA,"","Dímos","Municipality","<U+039A><U+03C5><U+03B8><U+03AE><U+03C1><U+03C9><U+03BD>",""
58,89,"GRC","Greece",3,"Attica",4,"Attica ",58,"Dafni-Ymittos",NA,"","Dímos","Municipality","<U+0394><U+03AC>f<U+03BD><U+03B7><U+03C2> - <U+03A5>µ<U+03B7>tt<U+03BF><U+03CD>",""
59,89,"GRC","Greece",3,"Attica",4,"Attica ",59,"Dionysos",NA,"","Dímos","Municipality","<U+0394><U+03B9><U+03BF><U+03BD><U+03CD>s<U+03BF><U+03C5>",""
60,89,"GRC","Greece",3,"Attica",4,"Attica ",60,"Elefsina",NA,"","Dímos","Municipality","<U+0395><U+03BB>e<U+03C5>s<U+03AF><U+03BD>a<U+03C2>",""
61,89,"GRC","Greece",3,"Attica",4,"Attica ",61,"Elliniko-Argyroupoli",NA,"","Dímos","Municipality","<U+0395><U+03BB><U+03BB><U+03B7><U+03BD><U+03B9><U+03BA><U+03BF><U+03CD> - <U+0391><U+03C1><U+03B3><U+03C5><U+03C1><U+03BF><U+03CD>p<U+03BF><U+03BB><U+03B7><U+03C2>",""
62,89,"GRC","Greece",3,"Attica",4,"Attica ",62,"Filadelfeia-Chalkidona",NA,"","Dímos","Municipality","F<U+03B9><U+03BB>ade<U+03BB>fe<U+03AF>a<U+03C2> - <U+03A7>a<U+03BB><U+03BA><U+03B7>d<U+03CC><U+03BD><U+03BF><U+03C2>",""
63,89,"GRC","Greece",3,"Attica",4,"Attica ",63,"Filothei-Psychiko",NA,"","Dímos","Municipality","F<U+03B9><U+03BB><U+03BF><U+03B8><U+03AD><U+03B7><U+03C2> - <U+03A8><U+03C5><U+03C7><U+03B9><U+03BA><U+03BF><U+03CD>",""
64,89,"GRC","Greece",3,"Attica",4,"Attica ",64,"Fyli",NA,"","Dímos","Municipality","F<U+03C5><U+03BB><U+03AE><U+03C2>",""
65,89,"GRC","Greece",3,"Attica",4,"Attica ",65,"Galatsi",NA,"","Dímos","Municipality","Ga<U+03BB>ats<U+03AF><U+03BF><U+03C5>",""
66,89,"GRC","Greece",3,"Attica",4,"Attica ",66,"Glyfada",NA,"","Dímos","Municipality","G<U+03BB><U+03C5>f<U+03AC>da<U+03C2>",""
67,89,"GRC","Greece",3,"Attica",4,"Attica ",67,"Hydra ",NA,"","Dímos","Municipality","<U+038E>d<U+03C1>a<U+03C2>",""
68,89,"GRC","Greece",3,"Attica",4,"Attica ",68,"Ilio",NA,"","Dímos","Municipality","<U+0399><U+03BB><U+03AF><U+03BF><U+03C5>",""
69,89,"GRC","Greece",3,"Attica",4,"Attica ",69,"Ilioupoli",NA,"","Dímos","Municipality","<U+0397><U+03BB><U+03B9><U+03BF><U+03C5>p<U+03CC><U+03BB>e<U+03C9><U+03C2>",""
70,89,"GRC","Greece",3,"Attica",4,"Attica ",70,"Irakleio",NA,"","Dímos","Municipality","<U+0397><U+03C1>a<U+03BA><U+03BB>e<U+03AF><U+03BF><U+03C5>",""
71,89,"GRC","Greece",3,"Attica",4,"Attica ",71,"Kaisariani",NA,"","Dímos","Municipality","<U+039A>a<U+03B9>sa<U+03C1><U+03B9>a<U+03BD><U+03AE><U+03C2>",""
72,89,"GRC","Greece",3,"Attica",4,"Attica ",72,"Kallithea",NA,"","Dímos","Municipality","<U+039A>a<U+03BB><U+03BB><U+03B9><U+03B8><U+03AD>a<U+03C2>",""
73,89,"GRC","Greece",3,"Attica",4,"Attica ",73,"Keratsini-Drapetsona",NA,"","Dímos","Municipality","<U+039A>e<U+03C1>ats<U+03B9><U+03BD><U+03AF><U+03BF><U+03C5> - <U+0394><U+03C1>apets<U+03CE><U+03BD>a<U+03C2>",""
74,89,"GRC","Greece",3,"Attica",4,"Attica ",74,"Kifisia",NA,"","Dímos","Municipality","<U+039A><U+03B7>f<U+03B9>s<U+03B9><U+03AC><U+03C2>",""
75,89,"GRC","Greece",3,"Attica",4,"Attica ",75,"Korydallos",NA,"","Dímos","Municipality","<U+039A><U+03BF><U+03C1><U+03C5>da<U+03BB><U+03BB><U+03BF><U+03CD>",""
76,89,"GRC","Greece",3,"Attica",4,"Attica ",76,"Kropia",NA,"","Dímos","Municipality","<U+039A><U+03C1><U+03C9>p<U+03AF>a<U+03C2>",""
77,89,"GRC","Greece",3,"Attica",4,"Attica ",77,"Lavreotiki",NA,"","Dímos","Municipality","<U+039B>a<U+03C5><U+03C1>e<U+03C9>t<U+03B9><U+03BA><U+03AE><U+03C2>",""
78,89,"GRC","Greece",3,"Attica",4,"Attica ",78,"Lykovrysi-Pefki",NA,"","Dímos","Municipality","<U+039B><U+03C5><U+03BA><U+03CC>ß<U+03C1><U+03C5>s<U+03B7><U+03C2> - <U+03A0>e<U+03CD><U+03BA><U+03B7><U+03C2>",""
79,89,"GRC","Greece",3,"Attica",4,"Attica ",79,"Mandra-Eidyllia",NA,"","Dímos","Municipality","<U+039C><U+03AC><U+03BD>d<U+03C1>a<U+03C2> - <U+0395><U+03B9>d<U+03C5><U+03BB><U+03BB><U+03AF>a<U+03C2>",""
80,89,"GRC","Greece",3,"Attica",4,"Attica ",80,"Marathon",NA,"","Dímos","Municipality","<U+039C>a<U+03C1>a<U+03B8><U+03CE><U+03BD><U+03BF><U+03C2>",""
81,89,"GRC","Greece",3,"Attica",4,"Attica ",81,"Markopoulo Mesogaias",NA,"","Dímos","Municipality","<U+039C>a<U+03C1><U+03BA><U+03BF>p<U+03BF><U+03CD><U+03BB><U+03BF><U+03C5> <U+039C>es<U+03BF><U+03B3>a<U+03AF>a<U+03C2>",""
82,89,"GRC","Greece",3,"Attica",4,"Attica ",82,"Marousi",NA,"","Dímos","Municipality","<U+0391>µa<U+03C1><U+03BF><U+03C5>s<U+03AF><U+03BF><U+03C5>",""
83,89,"GRC","Greece",3,"Attica",4,"Attica ",83,"Megara",NA,"","Dímos","Municipality","<U+039C>e<U+03B3>a<U+03C1><U+03AD><U+03C9><U+03BD>",""
84,89,"GRC","Greece",3,"Attica",4,"Attica ",84,"Metamorfosi",NA,"","Dímos","Municipality","<U+039C>etaµ<U+03BF><U+03C1>f<U+03CE>se<U+03C9><U+03C2>",""
85,89,"GRC","Greece",3,"Attica",4,"Attica ",85,"Moschato-Tavros",NA,"","Dímos","Municipality","<U+039C><U+03BF>s<U+03C7><U+03AC>t<U+03BF><U+03C5> - <U+03A4>a<U+03CD><U+03C1><U+03BF><U+03C5>",""
86,89,"GRC","Greece",3,"Attica",4,"Attica ",86,"Nea Ionia",NA,"","Dímos","Municipality","<U+039D><U+03AD>a<U+03C2> <U+0399><U+03C9><U+03BD><U+03AF>a<U+03C2>",""
87,89,"GRC","Greece",3,"Attica",4,"Attica ",87,"Nea Smyrni",NA,"","Dímos","Municipality","<U+039D><U+03AD>a<U+03C2> Sµ<U+03CD><U+03C1><U+03BD><U+03B7><U+03C2>",""
88,89,"GRC","Greece",3,"Attica",4,"Attica ",88,"Nikaia-Agios Ioannis Rentis",NA,"","Dímos","Municipality","<U+039D><U+03AF><U+03BA>a<U+03B9>a<U+03C2> - <U+0391><U+03B3><U+03AF><U+03BF><U+03C5> <U+0399><U+03C9><U+03AC><U+03BD><U+03BD><U+03B7> <U+03A1><U+03AD><U+03BD>t<U+03B7>",""
89,89,"GRC","Greece",3,"Attica",4,"Attica ",89,"Oropos",NA,"","Dímos","Municipality","O<U+03C1><U+03C9>p<U+03BF><U+03CD>",""
90,89,"GRC","Greece",3,"Attica",4,"Attica ",90,"Paiania",NA,"","Dímos","Municipality","<U+03A0>a<U+03B9>a<U+03BD><U+03AF>a<U+03C2>",""
91,89,"GRC","Greece",3,"Attica",4,"Attica ",91,"Palaio Faliro",NA,"","Dímos","Municipality","<U+03A0>a<U+03BB>a<U+03B9><U+03BF><U+03CD> Fa<U+03BB><U+03AE><U+03C1><U+03BF><U+03C5>",""
92,89,"GRC","Greece",3,"Attica",4,"Attica ",92,"Pallini",NA,"","Dímos","Municipality","<U+03A0>a<U+03BB><U+03BB><U+03AE><U+03BD><U+03B7><U+03C2>",""
93,89,"GRC","Greece",3,"Attica",4,"Attica ",93,"Papagou-Cholargos",NA,"","Dímos","Municipality","<U+03A0>ap<U+03AC><U+03B3><U+03BF><U+03C5> - <U+03A7><U+03BF><U+03BB>a<U+03C1><U+03B3><U+03BF><U+03CD>",""
94,89,"GRC","Greece",3,"Attica",4,"Attica ",94,"Penteli",NA,"","Dímos","Municipality","<U+03A0>e<U+03BD>t<U+03AD><U+03BB><U+03B7><U+03C2>",""
95,89,"GRC","Greece",3,"Attica",4,"Attica ",95,"Perama",NA,"","Dímos","Municipality","<U+03A0>e<U+03C1><U+03AC>µat<U+03BF><U+03C2>",""
96,89,"GRC","Greece",3,"Attica",4,"Attica ",96,"Peristeri",NA,"","Dímos","Municipality","<U+03A0>e<U+03C1><U+03B9>ste<U+03C1><U+03AF><U+03BF><U+03C5>",""
97,89,"GRC","Greece",3,"Attica",4,"Attica ",97,"Petroupoli",NA,"","Dímos","Municipality","<U+03A0>et<U+03C1><U+03BF><U+03C5>p<U+03CC><U+03BB>e<U+03C9><U+03C2>",""
98,89,"GRC","Greece",3,"Attica",4,"Attica ",98,"Piraeus",NA,"","Dímos","Municipality","<U+03A0>e<U+03B9><U+03C1>a<U+03B9><U+03CE><U+03C2>",""
99,89,"GRC","Greece",3,"Attica",4,"Attica ",99,"Poros",NA,"","Dímos","Municipality","<U+03A0><U+03CC><U+03C1><U+03BF><U+03C5>",""
100,89,"GRC","Greece",3,"Attica",4,"Attica ",100,"Rafina-Pikermi",NA,"","Dímos","Municipality","<U+03A1>af<U+03AE><U+03BD>a<U+03C2> - <U+03A0><U+03B9><U+03BA>e<U+03C1>µ<U+03AF><U+03BF><U+03C5>",""
101,89,"GRC","Greece",3,"Attica",4,"Attica ",101,"Salamis Island",NA,"","Dímos","Municipality","Sa<U+03BB>aµ<U+03AF><U+03BD><U+03BF><U+03C2>",""
102,89,"GRC","Greece",3,"Attica",4,"Attica ",102,"Saronikos",NA,"","Dímos","Municipality","Sa<U+03C1><U+03C9><U+03BD><U+03B9><U+03BA><U+03BF><U+03CD>",""
103,89,"GRC","Greece",3,"Attica",4,"Attica ",103,"Spata-Artemida",NA,"","Dímos","Municipality","Sp<U+03AC>t<U+03C9><U+03BD> - <U+0391><U+03C1>t<U+03AD>µ<U+03B9>d<U+03BF><U+03C2>",""
104,89,"GRC","Greece",3,"Attica",4,"Attica ",104,"Spetses",NA,"","Dímos","Municipality","Spets<U+03CE><U+03BD>",""
105,89,"GRC","Greece",3,"Attica",4,"Attica ",105,"Troizinia-Methana",NA,"","Dímos","Municipality","<U+03A4><U+03C1><U+03BF><U+03B9><U+03B6><U+03B7><U+03BD><U+03AF>a-<U+039C><U+03AD><U+03B8>a<U+03BD>a",""
106,89,"GRC","Greece",3,"Attica",4,"Attica ",106,"Vari-Voula-Vouliagmeni",NA,"","Dímos","Municipality","<U+0392><U+03AC><U+03C1><U+03B7><U+03C2> - <U+0392><U+03BF><U+03CD><U+03BB>a<U+03C2> - <U+0392><U+03BF><U+03C5><U+03BB><U+03B9>a<U+03B3>µ<U+03AD><U+03BD><U+03B7><U+03C2>",""
107,89,"GRC","Greece",3,"Attica",4,"Attica ",107,"Vrilissia",NA,"","Dímos","Municipality","<U+0392><U+03C1><U+03B9><U+03BB><U+03B7>ss<U+03AF><U+03C9><U+03BD>",""
108,89,"GRC","Greece",3,"Attica",4,"Attica ",108,"Vyronas",NA,"","Dímos","Municipality","<U+0392><U+03CD><U+03C1><U+03C9><U+03BD><U+03BF><U+03C2>",""
109,89,"GRC","Greece",3,"Attica",4,"Attica ",109,"Zografou",NA,"","Dímos","Municipality","<U+0396><U+03C9><U+03B3><U+03C1><U+03AC>f<U+03BF><U+03C5>",""
110,89,"GRC","Greece",4,"Crete",5,"Crete",110,"Agios Nikolaos",NA,"","Dímos","Municipality","<U+0391><U+03B3><U+03AF><U+03BF><U+03C5> <U+039D><U+03B9><U+03BA><U+03BF><U+03BB><U+03AC><U+03BF><U+03C5>",""
111,89,"GRC","Greece",4,"Crete",5,"Crete",111,"Agios Vasileios",NA,"","Dímos","Municipality","<U+0391><U+03B3><U+03AF><U+03BF><U+03C5> <U+0392>as<U+03B9><U+03BB>e<U+03AF><U+03BF><U+03C5>",""
112,89,"GRC","Greece",4,"Crete",5,"Crete",112,"Amari ",NA,"","Dímos","Municipality","<U+0391>µ<U+03AC><U+03C1><U+03B9><U+03BF><U+03C5>",""
113,89,"GRC","Greece",4,"Crete",5,"Crete",113,"Anogeia",NA,"","Dímos","Municipality","<U+0391><U+03BD><U+03C9><U+03B3>e<U+03AF><U+03C9><U+03BD>",""
114,89,"GRC","Greece",4,"Crete",5,"Crete",114,"Apokoronas",NA,"","Dímos","Municipality","<U+0391>p<U+03BF><U+03BA><U+03BF><U+03C1><U+03CE><U+03BD><U+03BF><U+03C5>",""
115,89,"GRC","Greece",4,"Crete",5,"Crete",115,"Archanes-Asterousia",NA,"","Dímos","Municipality","<U+0391><U+03C1><U+03C7>a<U+03BD><U+03CE><U+03BD> - <U+0391>ste<U+03C1><U+03BF><U+03C5>s<U+03AF><U+03C9><U+03BD>",""
116,89,"GRC","Greece",4,"Crete",5,"Crete",116,"Chania",NA,"","Dímos","Municipality","<U+03A7>a<U+03BD><U+03AF><U+03C9><U+03BD>",""
117,89,"GRC","Greece",4,"Crete",5,"Crete",117,"Chersonisos",NA,"","Dímos","Municipality","<U+03A7>e<U+03C1>s<U+03BF><U+03BD><U+03AE>s<U+03BF><U+03C5>",""
118,89,"GRC","Greece",4,"Crete",5,"Crete",118,"Faistos",NA,"","Dímos","Municipality","Fa<U+03B9>st<U+03BF><U+03CD>",""
119,89,"GRC","Greece",4,"Crete",5,"Crete",119,"Gavdos",NA,"","Dímos","Municipality","Ga<U+03CD>d<U+03BF><U+03C5>",""
120,89,"GRC","Greece",4,"Crete",5,"Crete",120,"Gortyna",NA,"","Dímos","Municipality","G<U+03CC><U+03C1>t<U+03C5><U+03BD>a<U+03C2>",""
121,89,"GRC","Greece",4,"Crete",5,"Crete",121,"Heraklion",NA,"","Dímos","Municipality","<U+0397><U+03C1>a<U+03BA><U+03BB>e<U+03AF><U+03BF><U+03C5>",""
122,89,"GRC","Greece",4,"Crete",5,"Crete",122,"Ierapetra",NA,"","Dímos","Municipality","<U+0399>e<U+03C1><U+03AC>pet<U+03C1>a<U+03C2>",""
123,89,"GRC","Greece",4,"Crete",5,"Crete",123,"Kantanos-Selino",NA,"","Dímos","Municipality","<U+039A>a<U+03BD>t<U+03AC><U+03BD><U+03BF><U+03C5> - Se<U+03BB><U+03AF><U+03BD><U+03BF><U+03C5>",""
124,89,"GRC","Greece",4,"Crete",5,"Crete",124,"Kissamos",NA,"","Dímos","Municipality","<U+039A><U+03B9>ss<U+03AC>µ<U+03BF><U+03C5>",""
125,89,"GRC","Greece",4,"Crete",5,"Crete",125,"Malevizi",NA,"","Dímos","Municipality","<U+039C>a<U+03BB>eß<U+03B9><U+03B6><U+03AF><U+03BF><U+03C5>",""
126,89,"GRC","Greece",4,"Crete",5,"Crete",126,"Minoa Pediada",NA,"","Dímos","Municipality","<U+039C><U+03B9><U+03BD><U+03CE>a <U+03A0>ed<U+03B9><U+03AC>da<U+03C2>",""
127,89,"GRC","Greece",4,"Crete",5,"Crete",127,"Mylopotamos",NA,"","Dímos","Municipality","<U+039C><U+03C5><U+03BB><U+03BF>p<U+03BF>t<U+03AC>µ<U+03BF><U+03C5>",""
128,89,"GRC","Greece",4,"Crete",5,"Crete",128,"Oropedio Lasithiou",NA,"","Dímos","Municipality","<U+039F><U+03C1><U+03BF>ped<U+03AF><U+03BF><U+03C5> <U+039B>as<U+03B9><U+03B8><U+03AF><U+03BF><U+03C5>",""
129,89,"GRC","Greece",4,"Crete",5,"Crete",129,"Platanias",NA,"","Dímos","Municipality","<U+03A0><U+03BB>ata<U+03BD><U+03B9><U+03AC>",""
130,89,"GRC","Greece",4,"Crete",5,"Crete",130,"Rethymno",NA,"","Dímos","Municipality","<U+03A1>e<U+03B8><U+03CD>µ<U+03BD><U+03BF><U+03C5>",""
131,89,"GRC","Greece",4,"Crete",5,"Crete",131,"Sfakia",NA,"","Dímos","Municipality","Sfa<U+03BA><U+03AF><U+03C9><U+03BD>",""
132,89,"GRC","Greece",4,"Crete",5,"Crete",132,"Sitia",NA,"","Dímos","Municipality","S<U+03B7>te<U+03AF>a<U+03C2>",""
133,89,"GRC","Greece",4,"Crete",5,"Crete",133,"Viannos",NA,"","Dímos","Municipality","<U+0392><U+03B9><U+03AC><U+03BD><U+03BD><U+03BF><U+03C5>",""
134,89,"GRC","Greece",5,"Epirus and Western Macedonia",6,"Epirus ",134,"Arta",NA,"","Dímos","Municipality","<U+0391><U+03C1>ta<U+03AF><U+03C9><U+03BD>",""
135,89,"GRC","Greece",5,"Epirus and Western Macedonia",6,"Epirus ",135,"Central Tzoumerka",NA,"","Dímos","Municipality","<U+039A>e<U+03BD>t<U+03C1><U+03B9><U+03BA><U+03CE><U+03BD> <U+03A4><U+03B6><U+03BF><U+03C5>µ<U+03AD><U+03C1><U+03BA><U+03C9><U+03BD>",""
136,89,"GRC","Greece",5,"Epirus and Western Macedonia",6,"Epirus ",136,"Dodoni",NA,"","Dímos","Municipality","<U+0394><U+03C9>d<U+03CE><U+03BD><U+03B7><U+03C2>",""
137,89,"GRC","Greece",5,"Epirus and Western Macedonia",6,"Epirus ",137,"Filiates",NA,"","Dímos","Municipality","F<U+03B9><U+03BB><U+03B9>at<U+03CE><U+03BD>",""
138,89,"GRC","Greece",5,"Epirus and Western Macedonia",6,"Epirus ",138,"Georgios Karaiskakis ",NA,"","Dímos","Municipality","Ge<U+03C9><U+03C1><U+03B3><U+03AF><U+03BF><U+03C5> <U+039A>a<U+03C1>a<U+03CA>s<U+03BA><U+03AC><U+03BA><U+03B7>",""
139,89,"GRC","Greece",5,"Epirus and Western Macedonia",6,"Epirus ",139,"Igoumenitsa",NA,"","Dímos","Municipality","<U+0397><U+03B3><U+03BF><U+03C5>µe<U+03BD><U+03AF>tsa<U+03C2>",""
140,89,"GRC","Greece",5,"Epirus and Western Macedonia",6,"Epirus ",140,"Ioannina",NA,"","Dímos","Municipality","<U+0399><U+03C9>a<U+03BD><U+03BD><U+03B9>t<U+03CE><U+03BD>",""
141,89,"GRC","Greece",5,"Epirus and Western Macedonia",6,"Epirus ",141,"Konitsa",NA,"","Dímos","Municipality","<U+039A><U+03CC><U+03BD><U+03B9>tsa<U+03C2>",""
142,89,"GRC","Greece",5,"Epirus and Western Macedonia",6,"Epirus ",142,"Metsovo",NA,"","Dímos","Municipality","<U+039C>ets<U+03CC>ß<U+03BF><U+03C5>",""
143,89,"GRC","Greece",5,"Epirus and Western Macedonia",6,"Epirus ",143,"Nikolaos Skoufas ",NA,"","Dímos","Municipality","<U+039D><U+03B9><U+03BA><U+03BF><U+03BB><U+03AC><U+03BF><U+03C5> S<U+03BA><U+03BF><U+03C5>f<U+03AC>",""
144,89,"GRC","Greece",5,"Epirus and Western Macedonia",6,"Epirus ",144,"North Tzoumerka",NA,"","Dímos","Municipality","<U+0392><U+03BF><U+03C1>e<U+03AF><U+03C9><U+03BD> <U+03A4><U+03B6><U+03BF><U+03C5>µ<U+03AD><U+03C1><U+03BA><U+03C9><U+03BD>",""
145,89,"GRC","Greece",5,"Epirus and Western Macedonia",6,"Epirus ",145,"Parga",NA,"","Dímos","Municipality","<U+03A0><U+03AC><U+03C1><U+03B3>a<U+03C2>",""
146,89,"GRC","Greece",5,"Epirus and Western Macedonia",6,"Epirus ",146,"Pogoni",NA,"","Dímos","Municipality","<U+03A0><U+03C9><U+03B3><U+03C9><U+03BD><U+03AF><U+03BF><U+03C5>",""
147,89,"GRC","Greece",5,"Epirus and Western Macedonia",6,"Epirus ",147,"Preveza",NA,"","Dímos","Municipality","<U+03A0><U+03C1><U+03AD>ße<U+03B6>a<U+03C2>",""
148,89,"GRC","Greece",5,"Epirus and Western Macedonia",6,"Epirus ",148,"Souli",NA,"","Dímos","Municipality","S<U+03BF><U+03C5><U+03BB><U+03AF><U+03BF><U+03C5>",""
149,89,"GRC","Greece",5,"Epirus and Western Macedonia",6,"Epirus ",149,"Zagori",NA,"","Dímos","Municipality","<U+0396>a<U+03B3><U+03BF><U+03C1><U+03AF><U+03BF><U+03C5>",""
150,89,"GRC","Greece",5,"Epirus and Western Macedonia",6,"Epirus ",150,"Ziros",NA,"","Dímos","Municipality","<U+0396><U+03B7><U+03C1><U+03BF><U+03CD>",""
151,89,"GRC","Greece",5,"Epirus and Western Macedonia",6,"Epirus ",151,"Zitsa",NA,"","Dímos","Municipality","<U+0396><U+03AF>tsa<U+03C2>",""
152,89,"GRC","Greece",5,"Epirus and Western Macedonia",7,"West Macedonia",152,"Amyntaio",NA,"","Dímos","Municipality","<U+0391>µ<U+03C5><U+03BD>ta<U+03AF><U+03BF><U+03C5>",""
153,89,"GRC","Greece",5,"Epirus and Western Macedonia",7,"West Macedonia",153,"Deskati",NA,"","Dímos","Municipality","<U+0394>es<U+03BA><U+03AC>t<U+03B7><U+03C2>",""
154,89,"GRC","Greece",5,"Epirus and Western Macedonia",7,"West Macedonia",154,"Eordaia",NA,"","Dímos","Municipality","<U+0395><U+03BF><U+03C1>da<U+03AF>a<U+03C2>",""
155,89,"GRC","Greece",5,"Epirus and Western Macedonia",7,"West Macedonia",155,"Florina",NA,"","Dímos","Municipality","F<U+03BB><U+03CE><U+03C1><U+03B9><U+03BD>a<U+03C2>",""
156,89,"GRC","Greece",5,"Epirus and Western Macedonia",7,"West Macedonia",156,"Grevena",NA,"","Dímos","Municipality","G<U+03C1>eße<U+03BD><U+03CE><U+03BD>",""
157,89,"GRC","Greece",5,"Epirus and Western Macedonia",7,"West Macedonia",157,"Kastoria",NA,"","Dímos","Municipality","<U+039A>ast<U+03BF><U+03C1><U+03B9><U+03AC><U+03C2>",""
158,89,"GRC","Greece",5,"Epirus and Western Macedonia",7,"West Macedonia",158,"Kozani",NA,"","Dímos","Municipality","<U+039A><U+03BF><U+03B6><U+03AC><U+03BD><U+03B7><U+03C2>",""
159,89,"GRC","Greece",5,"Epirus and Western Macedonia",7,"West Macedonia",159,"Nestorio",NA,"","Dímos","Municipality","<U+039D>est<U+03BF><U+03C1><U+03AF><U+03BF><U+03C5>",""
160,89,"GRC","Greece",5,"Epirus and Western Macedonia",7,"West Macedonia",160,"Orestida",NA,"","Dímos","Municipality","<U+039F><U+03C1>est<U+03AF>d<U+03BF><U+03C2>",""
161,89,"GRC","Greece",5,"Epirus and Western Macedonia",7,"West Macedonia",161,"Prespes",NA,"","Dímos","Municipality","<U+03A0><U+03C1>esp<U+03CE><U+03BD>",""
162,89,"GRC","Greece",5,"Epirus and Western Macedonia",7,"West Macedonia",162,"Servia-Velventos",NA,"","Dímos","Municipality","Se<U+03C1>ß<U+03AF><U+03C9><U+03BD> - <U+0392>e<U+03BB>ße<U+03BD>t<U+03BF><U+03CD>",""
163,89,"GRC","Greece",5,"Epirus and Western Macedonia",7,"West Macedonia",163,"Voio ",NA,"","Dímos","Municipality","<U+0392><U+03BF><U+0390><U+03BF><U+03C5>",""
164,89,"GRC","Greece",6,"Macedonia and Thrace",8,"Central Macedonia",164,"Alexandria",NA,"","Dímos","Municipality","<U+0391><U+03BB>e<U+03BE><U+03AC><U+03BD>d<U+03C1>e<U+03B9>a<U+03C2>",""
165,89,"GRC","Greece",6,"Macedonia and Thrace",8,"Central Macedonia",165,"Almopia",NA,"","Dímos","Municipality","<U+0391><U+03BB>µ<U+03C9>p<U+03AF>a<U+03C2>",""
166,89,"GRC","Greece",6,"Macedonia and Thrace",8,"Central Macedonia",166,"Ampelokipoi-Menemeni",NA,"","Dímos","Municipality","<U+0391>µpe<U+03BB><U+03BF><U+03BA><U+03AE>p<U+03C9><U+03BD> - <U+039C>e<U+03BD>eµ<U+03AD><U+03BD><U+03B7><U+03C2>",""
167,89,"GRC","Greece",6,"Macedonia and Thrace",8,"Central Macedonia",167,"Amphipolis",NA,"","Dímos","Municipality","<U+0391>µf<U+03AF>p<U+03BF><U+03BB><U+03B7><U+03C2>",""
168,89,"GRC","Greece",6,"Macedonia and Thrace",8,"Central Macedonia",168,"Aristotelis ",NA,"","Dímos","Municipality","<U+0391><U+03C1><U+03B9>st<U+03BF>t<U+03AD><U+03BB><U+03B7>",""
169,89,"GRC","Greece",6,"Macedonia and Thrace",8,"Central Macedonia",169,"Chalkidona",NA,"","Dímos","Municipality","<U+03A7>a<U+03BB><U+03BA><U+03B7>d<U+03CC><U+03BD><U+03BF><U+03C2>",""
170,89,"GRC","Greece",6,"Macedonia and Thrace",8,"Central Macedonia",170,"Delta",NA,"","Dímos","Municipality","<U+0394><U+03AD><U+03BB>ta",""
171,89,"GRC","Greece",6,"Macedonia and Thrace",8,"Central Macedonia",171,"Dio-Olympos",NA,"","Dímos","Municipality","<U+0394><U+03AF><U+03BF><U+03C5> - <U+039F><U+03BB><U+03CD>µp<U+03BF><U+03C5>",""
172,89,"GRC","Greece",6,"Macedonia and Thrace",8,"Central Macedonia",172,"Edessa",NA,"","Dímos","Municipality","<U+0388>dessa<U+03C2>",""
173,89,"GRC","Greece",6,"Macedonia and Thrace",8,"Central Macedonia",173,"Emmanouil Pappas",NA,"","Dímos","Municipality","<U+0395>µµa<U+03BD><U+03BF><U+03C5><U+03AE><U+03BB> <U+03A0>app<U+03AC>",""
174,89,"GRC","Greece",6,"Macedonia and Thrace",8,"Central Macedonia",174,"Irakleia",NA,"","Dímos","Municipality","<U+0397><U+03C1>a<U+03BA><U+03BB>e<U+03AF>a<U+03C2>",""
175,89,"GRC","Greece",6,"Macedonia and Thrace",8,"Central Macedonia",175,"Kalamaria",NA,"","Dímos","Municipality","<U+039A>a<U+03BB>aµa<U+03C1><U+03B9><U+03AC><U+03C2>",""
176,89,"GRC","Greece",6,"Macedonia and Thrace",8,"Central Macedonia",176,"Kassandra",NA,"","Dímos","Municipality","<U+039A>ass<U+03AC><U+03BD>d<U+03C1>a<U+03C2>",""
177,89,"GRC","Greece",6,"Macedonia and Thrace",8,"Central Macedonia",177,"Katerini",NA,"","Dímos","Municipality","<U+039A>ate<U+03C1><U+03AF><U+03BD><U+03B7><U+03C2>",""
178,89,"GRC","Greece",6,"Macedonia and Thrace",8,"Central Macedonia",178,"Kilkis",NA,"","Dímos","Municipality","<U+039A><U+03B9><U+03BB><U+03BA><U+03AF><U+03C2>",""
179,89,"GRC","Greece",6,"Macedonia and Thrace",8,"Central Macedonia",179,"Kordelio-Evosmos",NA,"","Dímos","Municipality","<U+039A><U+03BF><U+03C1>de<U+03BB><U+03B9><U+03BF><U+03CD> - <U+0395><U+03C5><U+03CC>sµ<U+03BF><U+03C5>",""
180,89,"GRC","Greece",6,"Macedonia and Thrace",8,"Central Macedonia",180,"Langadas",NA,"","Dímos","Municipality","<U+039B>a<U+03B3><U+03BA>ad<U+03AC>",""
181,89,"GRC","Greece",6,"Macedonia and Thrace",8,"Central Macedonia",181,"Naousa",NA,"","Dímos","Municipality","<U+039D><U+03AC><U+03BF><U+03C5>sa<U+03C2>",""
182,89,"GRC","Greece",6,"Macedonia and Thrace",8,"Central Macedonia",182,"Nea Propontida",NA,"","Dímos","Municipality","<U+039A>a<U+03BB><U+03BB><U+03B9><U+03BA><U+03C1><U+03AC>te<U+03B9>a<U+03C2> - <U+039C><U+03BF><U+03C5>da<U+03BD><U+03B9><U+03CE><U+03BD>",""
183,89,"GRC","Greece",6,"Macedonia and Thrace",8,"Central Macedonia",183,"Nea Zichni",NA,"","Dímos","Municipality","<U+039D><U+03AD>a<U+03C2> <U+0396><U+03AF><U+03C7><U+03BD><U+03B7><U+03C2>",""
184,89,"GRC","Greece",6,"Macedonia and Thrace",8,"Central Macedonia",184,"Neapoli-Sykies",NA,"","Dímos","Municipality","<U+039D>e<U+03AC>p<U+03BF><U+03BB><U+03B7><U+03C2> - S<U+03C5><U+03BA>e<U+03CE><U+03BD>",""
185,89,"GRC","Greece",6,"Macedonia and Thrace",8,"Central Macedonia",185,"Oraiokastro",NA,"","Dímos","Municipality","O<U+03C1>a<U+03B9><U+03BF><U+03BA><U+03AC>st<U+03C1><U+03BF><U+03C5>",""
186,89,"GRC","Greece",6,"Macedonia and Thrace",8,"Central Macedonia",186,"Paionia ",NA,"","Dímos","Municipality","<U+03A0>a<U+03B9><U+03BF><U+03BD><U+03AF>a<U+03C2>",""
187,89,"GRC","Greece",6,"Macedonia and Thrace",8,"Central Macedonia",187,"Pavlos Melas ",NA,"","Dímos","Municipality","<U+03A0>a<U+03CD><U+03BB><U+03BF><U+03C5> <U+039C>e<U+03BB><U+03AC>",""
188,89,"GRC","Greece",6,"Macedonia and Thrace",8,"Central Macedonia",188,"Pella ",NA,"","Dímos","Municipality","<U+0391><U+03C1><U+03C7>a<U+03AF>a<U+03C2> <U+03A0><U+03AD><U+03BB><U+03BB>a<U+03C2>",""
189,89,"GRC","Greece",6,"Macedonia and Thrace",8,"Central Macedonia",189,"Polygyros",NA,"","Dímos","Municipality","<U+03A0><U+03BF><U+03BB><U+03C5><U+03B3><U+03CD><U+03C1><U+03BF><U+03C5>",""
190,89,"GRC","Greece",6,"Macedonia and Thrace",8,"Central Macedonia",190,"Pydna-Kolindros",NA,"","Dímos","Municipality","<U+03A0><U+03CD>d<U+03BD>a<U+03C2> - <U+039A><U+03BF><U+03BB><U+03B9><U+03BD>d<U+03C1><U+03BF><U+03CD>",""
191,89,"GRC","Greece",6,"Macedonia and Thrace",8,"Central Macedonia",191,"Pylaia-Chortiatis",NA,"","Dímos","Municipality","<U+03A0><U+03C5><U+03BB>a<U+03AF>a<U+03C2> - <U+03A7><U+03BF><U+03C1>t<U+03B9><U+03AC>t<U+03B7>",""
192,89,"GRC","Greece",6,"Macedonia and Thrace",8,"Central Macedonia",192,"Serres",NA,"","Dímos","Municipality","Se<U+03C1><U+03C1><U+03CE><U+03BD>",""
193,89,"GRC","Greece",6,"Macedonia and Thrace",8,"Central Macedonia",193,"Sintiki",NA,"","Dímos","Municipality","S<U+03B9><U+03BD>t<U+03B9><U+03BA><U+03AE><U+03C2>",""
194,89,"GRC","Greece",6,"Macedonia and Thrace",8,"Central Macedonia",194,"Sithonia",NA,"","Dímos","Municipality","S<U+03B9><U+03B8><U+03C9><U+03BD><U+03AF>a<U+03C2>",""
195,89,"GRC","Greece",6,"Macedonia and Thrace",8,"Central Macedonia",195,"Skydra",NA,"","Dímos","Municipality","S<U+03BA><U+03CD>d<U+03C1>a<U+03C2>",""
196,89,"GRC","Greece",6,"Macedonia and Thrace",8,"Central Macedonia",196,"Thermaikos",NA,"","Dímos","Municipality","Te<U+03C1>µa<U+03CA><U+03BA><U+03BF><U+03CD>",""
197,89,"GRC","Greece",6,"Macedonia and Thrace",8,"Central Macedonia",197,"Thermi",NA,"","Dímos","Municipality","T<U+03AD><U+03C1>µ<U+03B7><U+03C2>",""
198,89,"GRC","Greece",6,"Macedonia and Thrace",8,"Central Macedonia",198,"Thessaloniki",NA,"","Dímos","Municipality","Tessa<U+03BB><U+03BF><U+03BD><U+03AF><U+03BA><U+03B7><U+03C2>",""
199,89,"GRC","Greece",6,"Macedonia and Thrace",8,"Central Macedonia",199,"Veria",NA,"","Dímos","Municipality","<U+0392><U+03AD><U+03C1><U+03BF><U+03B9>a<U+03C2>",""
200,89,"GRC","Greece",6,"Macedonia and Thrace",8,"Central Macedonia",200,"Visaltia",NA,"","Dímos","Municipality","<U+0392><U+03B9>sa<U+03BB>t<U+03AF>a<U+03C2>",""
201,89,"GRC","Greece",6,"Macedonia and Thrace",8,"Central Macedonia",201,"Volvi ",NA,"","Dímos","Municipality","<U+0392><U+03CC><U+03BB>ß<U+03B7><U+03C2>",""
202,89,"GRC","Greece",6,"Macedonia and Thrace",9,"East Macedonia and Thrace",202,"Abdera",NA,"","Dímos","Municipality","<U+0391>ßd<U+03AE><U+03C1><U+03C9><U+03BD>",""
203,89,"GRC","Greece",6,"Macedonia and Thrace",9,"East Macedonia and Thrace",203,"Alexandroupoli",NA,"","Dímos","Municipality","<U+0391><U+03BB>e<U+03BE>a<U+03BD>d<U+03C1><U+03BF><U+03CD>p<U+03BF><U+03BB><U+03B7><U+03C2>",""
204,89,"GRC","Greece",6,"Macedonia and Thrace",9,"East Macedonia and Thrace",204,"Arriana",NA,"","Dímos","Municipality","<U+0391><U+03C1><U+03C1><U+03B9>a<U+03BD><U+03CE><U+03BD>",""
205,89,"GRC","Greece",6,"Macedonia and Thrace",9,"East Macedonia and Thrace",205,"Didymoteicho",NA,"","Dímos","Municipality","<U+0394><U+03B9>d<U+03C5>µ<U+03BF>te<U+03AF><U+03C7><U+03BF><U+03C5>",""
206,89,"GRC","Greece",6,"Macedonia and Thrace",9,"East Macedonia and Thrace",206,"Doxato",NA,"","Dímos","Municipality","<U+0394><U+03BF><U+03BE><U+03AC>t<U+03BF><U+03C5>",""
207,89,"GRC","Greece",6,"Macedonia and Thrace",9,"East Macedonia and Thrace",207,"Drama",NA,"","Dímos","Municipality","<U+0394><U+03C1><U+03AC>µa<U+03C2>",""
208,89,"GRC","Greece",6,"Macedonia and Thrace",9,"East Macedonia and Thrace",208,"Iasmos",NA,"","Dímos","Municipality","<U+0399><U+03AC>sµ<U+03BF><U+03C5>",""
209,89,"GRC","Greece",6,"Macedonia and Thrace",9,"East Macedonia and Thrace",209,"Kato Nevrokopi",NA,"","Dímos","Municipality","<U+039A><U+03AC>t<U+03C9> <U+039D>e<U+03C5><U+03C1><U+03BF><U+03BA><U+03BF>p<U+03AF><U+03BF><U+03C5>",""
210,89,"GRC","Greece",6,"Macedonia and Thrace",9,"East Macedonia and Thrace",210,"Kavala",NA,"","Dímos","Municipality","<U+039A>aß<U+03AC><U+03BB>a<U+03C2>",""
211,89,"GRC","Greece",6,"Macedonia and Thrace",9,"East Macedonia and Thrace",211,"Komotini",NA,"","Dímos","Municipality","<U+039A><U+03BF>µ<U+03BF>t<U+03B7><U+03BD><U+03AE><U+03C2>",""
212,89,"GRC","Greece",6,"Macedonia and Thrace",9,"East Macedonia and Thrace",212,"Maroneia-Sapes",NA,"","Dímos","Municipality","<U+039C>a<U+03C1><U+03CE><U+03BD>e<U+03B9>a<U+03C2> - Sap<U+03CE><U+03BD>",""
213,89,"GRC","Greece",6,"Macedonia and Thrace",9,"East Macedonia and Thrace",213,"Myki",NA,"","Dímos","Municipality","<U+039C><U+03CD><U+03BA><U+03B7><U+03C2>",""
214,89,"GRC","Greece",6,"Macedonia and Thrace",9,"East Macedonia and Thrace",214,"Nestos ",NA,"","Dímos","Municipality","<U+039D><U+03AD>st<U+03BF><U+03C5>",""
215,89,"GRC","Greece",6,"Macedonia and Thrace",9,"East Macedonia and Thrace",215,"Orestiada",NA,"","Dímos","Municipality","<U+039F><U+03C1>est<U+03B9><U+03AC>da<U+03C2>",""
216,89,"GRC","Greece",6,"Macedonia and Thrace",9,"East Macedonia and Thrace",216,"Pangaio",NA,"","Dímos","Municipality","<U+03A0>a<U+03B3><U+03B3>a<U+03AF><U+03BF><U+03C5>",""
217,89,"GRC","Greece",6,"Macedonia and Thrace",9,"East Macedonia and Thrace",217,"Paranesti",NA,"","Dímos","Municipality","<U+03A0>a<U+03C1>a<U+03BD>est<U+03AF><U+03BF><U+03C5>",""
218,89,"GRC","Greece",6,"Macedonia and Thrace",9,"East Macedonia and Thrace",218,"Prosotsani",NA,"","Dímos","Municipality","<U+03A0><U+03C1><U+03BF>s<U+03BF>ts<U+03AC><U+03BD><U+03B7><U+03C2>",""
219,89,"GRC","Greece",6,"Macedonia and Thrace",9,"East Macedonia and Thrace",219,"Samothrace",NA,"","Dímos","Municipality","Saµ<U+03BF><U+03B8><U+03C1><U+03AC><U+03BA><U+03B7><U+03C2>",""
220,89,"GRC","Greece",6,"Macedonia and Thrace",9,"East Macedonia and Thrace",220,"Soufli",NA,"","Dímos","Municipality","S<U+03BF><U+03C5>f<U+03BB><U+03AF><U+03BF><U+03C5>",""
221,89,"GRC","Greece",6,"Macedonia and Thrace",9,"East Macedonia and Thrace",221,"Thasos",NA,"","Dímos","Municipality","T<U+03AC>s<U+03BF><U+03C5>",""
222,89,"GRC","Greece",6,"Macedonia and Thrace",9,"East Macedonia and Thrace",222,"Topeiros",NA,"","Dímos","Municipality","<U+03A4><U+03BF>pe<U+03AF><U+03C1><U+03BF><U+03C5>",""
223,89,"GRC","Greece",6,"Macedonia and Thrace",9,"East Macedonia and Thrace",223,"Xanthi",NA,"","Dímos","Municipality","<U+039E><U+03AC><U+03BD><U+03B8><U+03B7><U+03C2>",""
224,89,"GRC","Greece",7,"Peloponnese, Western Greece and the Ionian Islands",10,"Ionian Islands ",224,"Cephalonia",NA,"","Dímos","Municipality","<U+039A>efa<U+03BB><U+03BF><U+03BD><U+03B9><U+03AC><U+03C2>",""
225,89,"GRC","Greece",7,"Peloponnese, Western Greece and the Ionian Islands",10,"Ionian Islands ",225,"Corfu",NA,"","Dímos","Municipality","<U+039A><U+03AD><U+03C1><U+03BA><U+03C5><U+03C1>a<U+03C2>",""
226,89,"GRC","Greece",7,"Peloponnese, Western Greece and the Ionian Islands",10,"Ionian Islands ",226,"Ithaca",NA,"","Dímos","Municipality","<U+0399><U+03B8><U+03AC><U+03BA><U+03B7><U+03C2>",""
227,89,"GRC","Greece",7,"Peloponnese, Western Greece and the Ionian Islands",10,"Ionian Islands ",227,"Lefkada",NA,"","Dímos","Municipality","<U+039B>e<U+03C5><U+03BA><U+03AC>da<U+03C2>",""
228,89,"GRC","Greece",7,"Peloponnese, Western Greece and the Ionian Islands",10,"Ionian Islands ",228,"Meganisi",NA,"","Dímos","Municipality","<U+039C>e<U+03B3>a<U+03BD><U+03B7>s<U+03AF><U+03BF><U+03C5>",""
229,89,"GRC","Greece",7,"Peloponnese, Western Greece and the Ionian Islands",10,"Ionian Islands ",229,"Paxi",NA,"","Dímos","Municipality","<U+03A0>a<U+03BE><U+03CE><U+03BD>",""
230,89,"GRC","Greece",7,"Peloponnese, Western Greece and the Ionian Islands",10,"Ionian Islands ",230,"Zakynthos",NA,"","Dímos","Municipality","<U+0396>a<U+03BA><U+03CD><U+03BD><U+03B8><U+03BF><U+03C5>",""
231,89,"GRC","Greece",7,"Peloponnese, Western Greece and the Ionian Islands",11,"Peloponnese ",231,"Argos-Mykines",NA,"","Dímos","Municipality","<U+0386><U+03C1><U+03B3><U+03BF><U+03C5><U+03C2> - <U+039C><U+03C5><U+03BA><U+03B7><U+03BD><U+03CE><U+03BD>",""
232,89,"GRC","Greece",7,"Peloponnese, Western Greece and the Ionian Islands",11,"Peloponnese ",232,"Corinth ",NA,"","Dímos","Municipality","<U+039A><U+03BF><U+03C1><U+03B9><U+03BD><U+03B8><U+03AF><U+03C9><U+03BD>",""
233,89,"GRC","Greece",7,"Peloponnese, Western Greece and the Ionian Islands",11,"Peloponnese ",233,"East Mani",NA,"","Dímos","Municipality","<U+0391><U+03BD>at<U+03BF><U+03BB><U+03B9><U+03BA><U+03AE><U+03C2> <U+039C><U+03AC><U+03BD><U+03B7><U+03C2>",""
234,89,"GRC","Greece",7,"Peloponnese, Western Greece and the Ionian Islands",11,"Peloponnese ",234,"Elafonisos",NA,"","Dímos","Municipality","<U+0395><U+03BB>af<U+03BF><U+03BD><U+03AE>s<U+03BF><U+03C5>",""
235,89,"GRC","Greece",7,"Peloponnese, Western Greece and the Ionian Islands",11,"Peloponnese ",235,"Epidaurus",NA,"","Dímos","Municipality","<U+0395>p<U+03B9>da<U+03CD><U+03C1><U+03BF><U+03C5>",""
236,89,"GRC","Greece",7,"Peloponnese, Western Greece and the Ionian Islands",11,"Peloponnese ",236,"Ermionida",NA,"","Dímos","Municipality","<U+0395><U+03C1>µ<U+03B9><U+03BF><U+03BD><U+03AF>da<U+03C2>",""
237,89,"GRC","Greece",7,"Peloponnese, Western Greece and the Ionian Islands",11,"Peloponnese ",237,"Evrotas ",NA,"","Dímos","Municipality","<U+0395><U+03C5><U+03C1><U+03CE>ta",""
238,89,"GRC","Greece",7,"Peloponnese, Western Greece and the Ionian Islands",11,"Peloponnese ",238,"Gortynia",NA,"","Dímos","Municipality","G<U+03BF><U+03C1>t<U+03C5><U+03BD><U+03AF>a<U+03C2>",""
239,89,"GRC","Greece",7,"Peloponnese, Western Greece and the Ionian Islands",11,"Peloponnese ",239,"Kalamata",NA,"","Dímos","Municipality","<U+039A>a<U+03BB>aµ<U+03AC>ta<U+03C2>",""
240,89,"GRC","Greece",7,"Peloponnese, Western Greece and the Ionian Islands",11,"Peloponnese ",240,"Loutraki-Agioi Theodoroi",NA,"","Dímos","Municipality","<U+039B><U+03BF><U+03C5>t<U+03C1>a<U+03BA><U+03AF><U+03BF><U+03C5> - <U+0391><U+03B3><U+03AF><U+03C9><U+03BD> Te<U+03BF>d<U+03CE><U+03C1><U+03C9><U+03BD>",""
241,89,"GRC","Greece",7,"Peloponnese, Western Greece and the Ionian Islands",11,"Peloponnese ",241,"Megalopolis",NA,"","Dímos","Municipality","<U+039C>e<U+03B3>a<U+03BB><U+03CC>p<U+03BF><U+03BB><U+03B7><U+03C2>",""
242,89,"GRC","Greece",7,"Peloponnese, Western Greece and the Ionian Islands",11,"Peloponnese ",242,"Messini",NA,"","Dímos","Municipality","<U+039C>ess<U+03AE><U+03BD><U+03B7><U+03C2>",""
243,89,"GRC","Greece",7,"Peloponnese, Western Greece and the Ionian Islands",11,"Peloponnese ",243,"Monemvasia",NA,"","Dímos","Municipality","<U+039C><U+03BF><U+03BD>eµßas<U+03B9><U+03AC><U+03C2>",""
244,89,"GRC","Greece",7,"Peloponnese, Western Greece and the Ionian Islands",11,"Peloponnese ",244,"Nafplio",NA,"","Dímos","Municipality","<U+039D>a<U+03C5>p<U+03BB><U+03B9><U+03AD><U+03C9><U+03BD>",""
245,89,"GRC","Greece",7,"Peloponnese, Western Greece and the Ionian Islands",11,"Peloponnese ",245,"Nemea ",NA,"","Dímos","Municipality","<U+039D>eµ<U+03AD>a<U+03C2>",""
246,89,"GRC","Greece",7,"Peloponnese, Western Greece and the Ionian Islands",11,"Peloponnese ",246,"North Kynouria",NA,"","Dímos","Municipality","<U+0392><U+03CC><U+03C1>e<U+03B9>a<U+03C2> <U+039A><U+03C5><U+03BD><U+03BF><U+03C5><U+03C1><U+03AF>a<U+03C2>",""
247,89,"GRC","Greece",7,"Peloponnese, Western Greece and the Ionian Islands",11,"Peloponnese ",247,"Oichalia",NA,"","Dímos","Municipality","<U+039F><U+03B9><U+03C7>a<U+03BB><U+03AF>a<U+03C2>",""
248,89,"GRC","Greece",7,"Peloponnese, Western Greece and the Ionian Islands",11,"Peloponnese ",248,"Pylos-Nestor",NA,"","Dímos","Municipality","<U+03A0><U+03CD><U+03BB><U+03BF><U+03C5> - <U+039D><U+03AD>st<U+03BF><U+03C1><U+03BF><U+03C2>",""
249,89,"GRC","Greece",7,"Peloponnese, Western Greece and the Ionian Islands",11,"Peloponnese ",249,"Sikyona",NA,"","Dímos","Municipality","S<U+03B9><U+03BA><U+03C5><U+03C9><U+03BD><U+03AF><U+03C9><U+03BD>",""
250,89,"GRC","Greece",7,"Peloponnese, Western Greece and the Ionian Islands",11,"Peloponnese ",250,"South Kynouria",NA,"","Dímos","Municipality","<U+039D><U+03CC>t<U+03B9>a<U+03C2> <U+039A><U+03C5><U+03BD><U+03BF><U+03C5><U+03C1><U+03AF>a<U+03C2>",""
251,89,"GRC","Greece",7,"Peloponnese, Western Greece and the Ionian Islands",11,"Peloponnese ",251,"Sparti ",NA,"","Dímos","Municipality","Sp<U+03AC><U+03C1>t<U+03B7><U+03C2>",""
252,89,"GRC","Greece",7,"Peloponnese, Western Greece and the Ionian Islands",11,"Peloponnese ",252,"Trifylia",NA,"","Dímos","Municipality","<U+03A4><U+03C1><U+03B9>f<U+03C5><U+03BB><U+03BB><U+03AF>a<U+03C2>",""
253,89,"GRC","Greece",7,"Peloponnese, Western Greece and the Ionian Islands",11,"Peloponnese ",253,"Tripoli",NA,"","Dímos","Municipality","<U+03A4><U+03C1><U+03AF>p<U+03BF><U+03BB><U+03B7><U+03C2>",""
254,89,"GRC","Greece",7,"Peloponnese, Western Greece and the Ionian Islands",11,"Peloponnese ",254,"Velo-Vocha",NA,"","Dímos","Municipality","<U+0392><U+03AD><U+03BB><U+03BF><U+03C5> - <U+0392><U+03BF><U+03C7>a<U+03C2>",""
255,89,"GRC","Greece",7,"Peloponnese, Western Greece and the Ionian Islands",11,"Peloponnese ",255,"West Mani",NA,"","Dímos","Municipality","<U+0394><U+03C5>t<U+03B9><U+03BA><U+03AE><U+03C2> <U+039C><U+03AC><U+03BD><U+03B7><U+03C2>",""
256,89,"GRC","Greece",7,"Peloponnese, Western Greece and the Ionian Islands",11,"Peloponnese ",256,"Xylokastro-Evrostina",NA,"","Dímos","Municipality","<U+039E><U+03C5><U+03BB><U+03BF><U+03BA><U+03AC>st<U+03C1><U+03BF><U+03C5> - <U+0395><U+03C5><U+03C1><U+03C9>st<U+03AF><U+03BD><U+03B7><U+03C2>",""
257,89,"GRC","Greece",7,"Peloponnese, Western Greece and the Ionian Islands",12,"West Greece",257,"Agrinio",NA,"","Dímos","Municipality","<U+0391><U+03B3><U+03C1><U+03B9><U+03BD><U+03AF><U+03BF><U+03C5>",""
258,89,"GRC","Greece",7,"Peloponnese, Western Greece and the Ionian Islands",12,"West Greece",258,"Aigialeia",NA,"","Dímos","Municipality","<U+0391><U+03B9><U+03B3><U+03B9>a<U+03BB>e<U+03AF>a<U+03C2>",""
259,89,"GRC","Greece",7,"Peloponnese, Western Greece and the Ionian Islands",12,"West Greece",259,"Aktio-Vonitsa",NA,"","Dímos","Municipality","<U+0386><U+03BA>t<U+03B9><U+03BF><U+03C5> - <U+0392><U+03CC><U+03BD><U+03B9>tsa<U+03C2>",""
260,89,"GRC","Greece",7,"Peloponnese, Western Greece and the Ionian Islands",12,"West Greece",260,"Amfilochia",NA,"","Dímos","Municipality","<U+0391>µf<U+03B9><U+03BB><U+03BF><U+03C7><U+03AF>a<U+03C2>",""
261,89,"GRC","Greece",7,"Peloponnese, Western Greece and the Ionian Islands",12,"West Greece",261,"Andravida-Kyllini",NA,"","Dímos","Municipality","<U+039A><U+03C5><U+03BB><U+03BB><U+03AE><U+03BD><U+03B7><U+03C2>",""
262,89,"GRC","Greece",7,"Peloponnese, Western Greece and the Ionian Islands",12,"West Greece",262,"Andritsaina-Krestena",NA,"","Dímos","Municipality","<U+0391><U+03BD>d<U+03C1><U+03B9>tsa<U+03AF><U+03BD>a<U+03C2> - <U+039A><U+03C1>est<U+03AD><U+03BD><U+03C9><U+03BD>",""
263,89,"GRC","Greece",7,"Peloponnese, Western Greece and the Ionian Islands",12,"West Greece",263,"Erymanthos ",NA,"","Dímos","Municipality","<U+0395><U+03C1><U+03C5>µ<U+03AC><U+03BD><U+03B8><U+03BF><U+03C5>",""
264,89,"GRC","Greece",7,"Peloponnese, Western Greece and the Ionian Islands",12,"West Greece",264,"Ilida ",NA,"","Dímos","Municipality","<U+0397><U+03BB><U+03AF>da<U+03C2>",""
265,89,"GRC","Greece",7,"Peloponnese, Western Greece and the Ionian Islands",12,"West Greece",265,"Kalavryta",NA,"","Dímos","Municipality","<U+039A>a<U+03BB>aß<U+03C1><U+03CD>t<U+03C9><U+03BD>",""
266,89,"GRC","Greece",7,"Peloponnese, Western Greece and the Ionian Islands",12,"West Greece",266,"Missolonghi",NA,"","Dímos","Municipality","<U+0399>e<U+03C1><U+03AC><U+03C2> <U+03A0><U+03CC><U+03BB><U+03B7><U+03C2> <U+039C>es<U+03BF><U+03BB><U+03BF><U+03B3><U+03B3><U+03AF><U+03BF><U+03C5>",""
267,89,"GRC","Greece",7,"Peloponnese, Western Greece and the Ionian Islands",12,"West Greece",267,"Nafpaktia",NA,"","Dímos","Municipality","<U+039D>a<U+03C5>pa<U+03BA>t<U+03AF>a<U+03C2>",""
268,89,"GRC","Greece",7,"Peloponnese, Western Greece and the Ionian Islands",12,"West Greece",268,"Olympia",NA,"","Dímos","Municipality","<U+0391><U+03C1><U+03C7>a<U+03AF>a<U+03C2> <U+039F><U+03BB><U+03C5>µp<U+03AF>a<U+03C2>",""
269,89,"GRC","Greece",7,"Peloponnese, Western Greece and the Ionian Islands",12,"West Greece",269,"Patras",NA,"","Dímos","Municipality","<U+03A0>at<U+03C1><U+03AD><U+03C9><U+03BD>",""
270,89,"GRC","Greece",7,"Peloponnese, Western Greece and the Ionian Islands",12,"West Greece",270,"Pineios ",NA,"","Dímos","Municipality","<U+03A0><U+03B7><U+03BD>e<U+03B9><U+03BF><U+03CD>",""
271,89,"GRC","Greece",7,"Peloponnese, Western Greece and the Ionian Islands",12,"West Greece",271,"Pyrgos",NA,"","Dímos","Municipality","<U+03A0><U+03CD><U+03C1><U+03B3><U+03BF><U+03C5>",""
272,89,"GRC","Greece",7,"Peloponnese, Western Greece and the Ionian Islands",12,"West Greece",272,"Thermo",NA,"","Dímos","Municipality","T<U+03AD><U+03C1>µ<U+03BF><U+03C5>",""
273,89,"GRC","Greece",7,"Peloponnese, Western Greece and the Ionian Islands",12,"West Greece",273,"West Achaea",NA,"","Dímos","Municipality","<U+0394><U+03C5>t<U+03B9><U+03BA><U+03AE><U+03C2> <U+0391><U+03C7>a<U+0390>a<U+03C2>",""
274,89,"GRC","Greece",7,"Peloponnese, Western Greece and the Ionian Islands",12,"West Greece",274,"Xiromero",NA,"","Dímos","Municipality","<U+039E><U+03B7><U+03C1><U+03BF>µ<U+03AD><U+03C1><U+03BF><U+03C5>",""
275,89,"GRC","Greece",7,"Peloponnese, Western Greece and the Ionian Islands",12,"West Greece",275,"Zacharo",NA,"","Dímos","Municipality","<U+0396>a<U+03C7><U+03AC><U+03C1><U+03C9><U+03C2>",""
276,89,"GRC","Greece",8,"Thessaly and Central Greece",13,"Central Greece ",276,"Agrafa ",NA,"","Dímos","Municipality","<U+0391><U+03B3><U+03C1><U+03AC>f<U+03C9><U+03BD>",""
277,89,"GRC","Greece",8,"Thessaly and Central Greece",13,"Central Greece ",277,"Aliartos",NA,"","Dímos","Municipality","<U+0391><U+03BB><U+03B9><U+03AC><U+03C1>t<U+03BF><U+03C5>",""
278,89,"GRC","Greece",8,"Thessaly and Central Greece",13,"Central Greece ",278,"Amfikleia-Elateia",NA,"","Dímos","Municipality","<U+0391>µf<U+03AF><U+03BA><U+03BB>e<U+03B9>a<U+03C2> - <U+0395><U+03BB><U+03AC>te<U+03B9>a<U+03C2>",""
279,89,"GRC","Greece",8,"Thessaly and Central Greece",13,"Central Greece ",279,"Chalcis",NA,"","Dímos","Municipality","<U+03A7>a<U+03BB><U+03BA><U+03B9>d<U+03AD><U+03C9><U+03BD>",""
280,89,"GRC","Greece",8,"Thessaly and Central Greece",13,"Central Greece ",280,"Delphi",NA,"","Dímos","Municipality","<U+0394>e<U+03BB>f<U+03CE><U+03BD>",""
281,89,"GRC","Greece",8,"Thessaly and Central Greece",13,"Central Greece ",281,"Dirfys-Messapia",NA,"","Dímos","Municipality","<U+0394><U+03B9><U+03C1>f<U+03CD><U+03C9><U+03BD> - <U+039C>essap<U+03AF><U+03C9><U+03BD>",""
282,89,"GRC","Greece",8,"Thessaly and Central Greece",13,"Central Greece ",282,"Distomo-Arachova-Antikyra",NA,"","Dímos","Municipality","<U+0394><U+03B9>st<U+03CC>µ<U+03BF><U+03C5> - <U+0391><U+03C1><U+03AC><U+03C7><U+03BF>ßa<U+03C2> - <U+0391><U+03BD>t<U+03B9><U+03BA><U+03CD><U+03C1>a<U+03C2>",""
283,89,"GRC","Greece",8,"Thessaly and Central Greece",13,"Central Greece ",283,"Domokos",NA,"","Dímos","Municipality","<U+0394><U+03BF>µ<U+03BF><U+03BA><U+03BF><U+03CD>",""
284,89,"GRC","Greece",8,"Thessaly and Central Greece",13,"Central Greece ",284,"Dorida",NA,"","Dímos","Municipality","<U+0394><U+03C9><U+03C1><U+03AF>d<U+03BF><U+03C2>",""
285,89,"GRC","Greece",8,"Thessaly and Central Greece",13,"Central Greece ",285,"Eretria",NA,"","Dímos","Municipality","<U+0395><U+03C1><U+03AD>t<U+03C1><U+03B9>a<U+03C2>",""
286,89,"GRC","Greece",8,"Thessaly and Central Greece",13,"Central Greece ",286,"Istiaia-Aidipsos",NA,"","Dímos","Municipality","<U+0399>st<U+03B9>a<U+03AF>a<U+03C2> - <U+0391><U+03B9>d<U+03B7><U+03C8><U+03BF><U+03CD>",""
287,89,"GRC","Greece",8,"Thessaly and Central Greece",13,"Central Greece ",287,"Karpenisi",NA,"","Dímos","Municipality","<U+039A>a<U+03C1>pe<U+03BD><U+03B7>s<U+03AF><U+03BF><U+03C5>",""
288,89,"GRC","Greece",8,"Thessaly and Central Greece",13,"Central Greece ",288,"Karystos",NA,"","Dímos","Municipality","<U+039A>a<U+03C1><U+03CD>st<U+03BF><U+03C5>",""
289,89,"GRC","Greece",8,"Thessaly and Central Greece",13,"Central Greece ",289,"Kymi-Aliveri",NA,"","Dímos","Municipality","<U+039A><U+03CD>µ<U+03B7><U+03C2> - <U+0391><U+03BB><U+03B9>ße<U+03C1><U+03AF><U+03BF><U+03C5>",""
290,89,"GRC","Greece",8,"Thessaly and Central Greece",13,"Central Greece ",290,"Lamia ",NA,"","Dímos","Municipality","<U+039B>aµ<U+03B9><U+03AD><U+03C9><U+03BD>",""
291,89,"GRC","Greece",8,"Thessaly and Central Greece",13,"Central Greece ",291,"Livadeia",NA,"","Dímos","Municipality","<U+039B>eßad<U+03AD><U+03C9><U+03BD>",""
292,89,"GRC","Greece",8,"Thessaly and Central Greece",13,"Central Greece ",292,"Lokroi ",NA,"","Dímos","Municipality","<U+039B><U+03BF><U+03BA><U+03C1><U+03CE><U+03BD>",""
293,89,"GRC","Greece",8,"Thessaly and Central Greece",13,"Central Greece ",293,"Makrakomi",NA,"","Dímos","Municipality","<U+039C>a<U+03BA><U+03C1>a<U+03BA><U+03CE>µ<U+03B7><U+03C2>",""
294,89,"GRC","Greece",8,"Thessaly and Central Greece",13,"Central Greece ",294,"Mantoudi-Limni-Agia Anna",NA,"","Dímos","Municipality","<U+039C>a<U+03BD>t<U+03BF><U+03C5>d<U+03AF><U+03BF><U+03C5> - <U+039B><U+03AF>µ<U+03BD><U+03B7><U+03C2>",""
295,89,"GRC","Greece",8,"Thessaly and Central Greece",13,"Central Greece ",295,"Molos-Agios Konstantinos",NA,"","Dímos","Municipality","<U+039C><U+03CE><U+03BB><U+03BF><U+03C5> - <U+0391><U+03B3><U+03AF><U+03BF><U+03C5> <U+039A><U+03C9><U+03BD>sta<U+03BD>t<U+03AF><U+03BD><U+03BF><U+03C5>",""
296,89,"GRC","Greece",8,"Thessaly and Central Greece",13,"Central Greece ",296,"Orchomenus ",NA,"","Dímos","Municipality","<U+039F><U+03C1><U+03C7><U+03BF>µe<U+03BD><U+03BF><U+03CD>",""
297,89,"GRC","Greece",8,"Thessaly and Central Greece",13,"Central Greece ",297,"Skyros",NA,"","Dímos","Municipality","S<U+03BA><U+03CD><U+03C1><U+03BF><U+03C5>",""
298,89,"GRC","Greece",8,"Thessaly and Central Greece",13,"Central Greece ",298,"Stylida",NA,"","Dímos","Municipality","St<U+03C5><U+03BB><U+03AF>d<U+03BF><U+03C2>",""
299,89,"GRC","Greece",8,"Thessaly and Central Greece",13,"Central Greece ",299,"Tanagra",NA,"","Dímos","Municipality","<U+03A4>a<U+03BD><U+03AC><U+03B3><U+03C1>a<U+03C2>",""
300,89,"GRC","Greece",8,"Thessaly and Central Greece",13,"Central Greece ",300,"Thebes",NA,"","Dímos","Municipality","T<U+03B7>ßa<U+03AF><U+03C9><U+03BD>",""
301,89,"GRC","Greece",8,"Thessaly and Central Greece",14,"Thessaly",301,"Agia",NA,"","Dímos","Municipality","<U+0391><U+03B3><U+03B9><U+03AC><U+03C2>",""
302,89,"GRC","Greece",8,"Thessaly and Central Greece",14,"Thessaly",302,"Almyros",NA,"","Dímos","Municipality","<U+0391><U+03BB>µ<U+03C5><U+03C1><U+03BF><U+03CD>",""
303,89,"GRC","Greece",8,"Thessaly and Central Greece",14,"Thessaly",303,"Alonnisos",NA,"","Dímos","Municipality","<U+0391><U+03BB><U+03BF><U+03BD><U+03BD><U+03AE>s<U+03BF><U+03C5>",""
304,89,"GRC","Greece",8,"Thessaly and Central Greece",14,"Thessaly",304,"Argithea",NA,"","Dímos","Municipality","<U+0391><U+03C1><U+03B3><U+03B9><U+03B8><U+03AD>a<U+03C2>",""
305,89,"GRC","Greece",8,"Thessaly and Central Greece",14,"Thessaly",305,"Elassona",NA,"","Dímos","Municipality","<U+0395><U+03BB>ass<U+03CC><U+03BD>a<U+03C2>",""
306,89,"GRC","Greece",8,"Thessaly and Central Greece",14,"Thessaly",306,"Farkadona",NA,"","Dímos","Municipality","Fa<U+03C1><U+03BA>ad<U+03CC><U+03BD>a<U+03C2>",""
307,89,"GRC","Greece",8,"Thessaly and Central Greece",14,"Thessaly",307,"Farsala",NA,"","Dímos","Municipality","Fa<U+03C1>s<U+03AC><U+03BB><U+03C9><U+03BD>",""
308,89,"GRC","Greece",8,"Thessaly and Central Greece",14,"Thessaly",308,"Kalambaka",NA,"","Dímos","Municipality","<U+039A>a<U+03BB>aµp<U+03AC><U+03BA>a<U+03C2>",""
309,89,"GRC","Greece",8,"Thessaly and Central Greece",14,"Thessaly",309,"Karditsa",NA,"","Dímos","Municipality","<U+039A>a<U+03C1>d<U+03AF>tsa<U+03C2>",""
310,89,"GRC","Greece",8,"Thessaly and Central Greece",14,"Thessaly",310,"Kileler",NA,"","Dímos","Municipality","<U+039A><U+03B9><U+03BB>e<U+03BB><U+03AD><U+03C1>",""
311,89,"GRC","Greece",8,"Thessaly and Central Greece",14,"Thessaly",311,"Lake Plastiras ",NA,"","Dímos","Municipality","<U+039B><U+03AF>µ<U+03BD><U+03B7><U+03C2> <U+03A0><U+03BB>ast<U+03AE><U+03C1>a",""
312,89,"GRC","Greece",8,"Thessaly and Central Greece",14,"Thessaly",312,"Larissa",NA,"","Dímos","Municipality","<U+039B>a<U+03C1><U+03B9>sa<U+03AF><U+03C9><U+03BD>",""
313,89,"GRC","Greece",8,"Thessaly and Central Greece",14,"Thessaly",313,"Mouzaki",NA,"","Dímos","Municipality","<U+039C><U+03BF><U+03C5><U+03B6>a<U+03BA><U+03AF><U+03BF><U+03C5>",""
314,89,"GRC","Greece",8,"Thessaly and Central Greece",14,"Thessaly",314,"Palamas",NA,"","Dímos","Municipality","<U+03A0>a<U+03BB>aµ<U+03AC>",""
315,89,"GRC","Greece",8,"Thessaly and Central Greece",14,"Thessaly",315,"Pyli",NA,"","Dímos","Municipality","<U+03A0><U+03CD><U+03BB><U+03B7><U+03C2>",""
316,89,"GRC","Greece",8,"Thessaly and Central Greece",14,"Thessaly",316,"Rigas Feraios ",NA,"","Dímos","Municipality","<U+03A1><U+03AE><U+03B3>a Fe<U+03C1>a<U+03AF><U+03BF><U+03C5>",""
317,89,"GRC","Greece",8,"Thessaly and Central Greece",14,"Thessaly",317,"Skiathos",NA,"","Dímos","Municipality","S<U+03BA><U+03B9><U+03AC><U+03B8><U+03BF><U+03C5>",""
318,89,"GRC","Greece",8,"Thessaly and Central Greece",14,"Thessaly",318,"Skopelos",NA,"","Dímos","Municipality","S<U+03BA><U+03BF>p<U+03AD><U+03BB><U+03BF><U+03C5>",""
319,89,"GRC","Greece",8,"Thessaly and Central Greece",14,"Thessaly",319,"Sofades",NA,"","Dímos","Municipality","S<U+03BF>f<U+03AC>d<U+03C9><U+03BD>",""
320,89,"GRC","Greece",8,"Thessaly and Central Greece",14,"Thessaly",320,"South Pelion",NA,"","Dímos","Municipality","<U+039D><U+03BF>t<U+03AF><U+03BF><U+03C5> <U+03A0><U+03B7><U+03BB><U+03AF><U+03BF><U+03C5>",""
321,89,"GRC","Greece",8,"Thessaly and Central Greece",14,"Thessaly",321,"Tempi ",NA,"","Dímos","Municipality","<U+03A4>eµp<U+03CE><U+03BD>",""
322,89,"GRC","Greece",8,"Thessaly and Central Greece",14,"Thessaly",322,"Trikala",NA,"","Dímos","Municipality","<U+03A4><U+03C1><U+03B9><U+03BA><U+03BA>a<U+03AF><U+03C9><U+03BD>",""
323,89,"GRC","Greece",8,"Thessaly and Central Greece",14,"Thessaly",323,"Tyrnavos",NA,"","Dímos","Municipality","<U+03A4><U+03C5><U+03C1><U+03BD><U+03AC>ß<U+03BF><U+03C5>",""
324,89,"GRC","Greece",8,"Thessaly and Central Greece",14,"Thessaly",324,"Volos",NA,"","Dímos","Municipality","<U+0392><U+03CC><U+03BB><U+03BF><U+03C5>",""
325,89,"GRC","Greece",8,"Thessaly and Central Greece",14,"Thessaly",325,"Zagora-Mouresi",NA,"","Dímos","Municipality","<U+0396>a<U+03B3><U+03BF><U+03C1><U+03AC><U+03C2> - <U+039C><U+03BF><U+03C5><U+03C1>es<U+03AF><U+03BF><U+03C5>",""
